<?xml version="1.0" encoding="UTF-8"?>
<metadata xml:lang="sl"><Esri><CreaDate>20231213</CreaDate><CreaTime>14320800</CreaTime><ArcGISFormat>1.0</ArcGISFormat><SyncOnce>FALSE</SyncOnce><DataProperties><lineage><Process ToolSource="c:\program files\arcgis\pro\Resources\ArcToolbox\toolboxes\Data Management Tools.tbx\DefineProjection" Date="20231213" Time="143208">DefineProjection izvoz_decembar_1 PROJCS["Slovenia_1996_Slovene_National_Grid",GEOGCS["GCS_Slovenia_1996",DATUM["D_Slovenia_Geodetic_Datum_1996",SPHEROID["GRS_1980",6378137.0,298.257222101]],PRIMEM["Greenwich",0.0],UNIT["Degree",0.0174532925199433]],PROJECTION["Transverse_Mercator"],PARAMETER["False_Easting",500000.0],PARAMETER["False_Northing",-5000000.0],PARAMETER["Central_Meridian",15.0],PARAMETER["Scale_Factor",0.9999],PARAMETER["Latitude_Of_Origin",0.0],UNIT["Meter",1.0]]</Process><Process ToolSource="c:\program files\arcgis\pro\Resources\ArcToolbox\toolboxes\Conversion Tools.tbx\ExportFeatures" Date="20231213" Time="143318">ExportFeatures izvoz_decembar_1 E:\DARS-OSI\python_nikola\IZVOZ_13_12\azuriranje_osi_2023_2.shp # NOT_USE_ALIAS "ID "ID" true true false 16 Double 0 16,First,#,izvoz_decembar_1,ID,-1,-1;KATEGORIJA "KATEGORIJA" true true false 2 Text 0 0,First,#,izvoz_decembar_1,KATEGORIJA,0,2;CESTA "CESTA" true true false 6 Text 0 0,First,#,izvoz_decembar_1,CESTA,0,6;ODSEK "ODSEK" true true false 6 Text 0 0,First,#,izvoz_decembar_1,ODSEK,0,6;ODSEK_IME "ODSEK_IME" true true false 42 Text 0 0,First,#,izvoz_decembar_1,ODSEK_IME,0,42;ODSEK_TIP "ODSEK_TIP" true true false 1 Text 0 0,First,#,izvoz_decembar_1,ODSEK_TIP,0,1;DOLZ_ODS "DOLZ_ODS" true true false 7 Long 0 7,First,#,izvoz_decembar_1,DOLZ_ODS,-1,-1;DOLZ_GRF "DOLZ_GRF" true true false 8 Float 2 7,First,#,izvoz_decembar_1,DOLZ_GRF,-1,-1;ZAPST "ZAPST" true true false 3 Short 0 3,First,#,izvoz_decembar_1,ZAPST,-1,-1;PODOD_ST "PODOD_ST" true true false 2 Text 0 0,First,#,izvoz_decembar_1,PODOD_ST,0,2;PODOD_IME "PODOD_IME" true true false 42 Text 0 0,First,#,izvoz_decembar_1,PODOD_IME,0,42;PODOD_OPIS "PODOD_OPIS" true true false 42 Text 0 0,First,#,izvoz_decembar_1,PODOD_OPIS,0,42;VRSTA_STAC "VRSTA_STAC" true true false 1 Text 0 0,First,#,izvoz_decembar_1,VRSTA_STAC,0,1;SMER "SMER" true true false 1 Text 0 0,First,#,izvoz_decembar_1,SMER,0,1;STAC_ZAC "STAC_ZAC" true true false 8 Float 2 7,First,#,izvoz_decembar_1,STAC_ZAC,-1,-1;STAC_KON "STAC_KON" true true false 8 Float 2 7,First,#,izvoz_decembar_1,STAC_KON,-1,-1;DOLZ_GID "DOLZ_GID" true true false 8 Float 2 7,First,#,izvoz_decembar_1,DOLZ_GID,-1,-1;LENGTH "LENGTH" true true false 8 Float 2 7,First,#,izvoz_decembar_1,LENGTH,-1,-1;F_RAZTEZKA "F_RAZTEZKA" true true false 6 Float 4 5,First,#,izvoz_decembar_1,F_RAZTEZKA,-1,-1;DAT_ZAC "DAT_ZAC" true true false 10 Text 0 0,First,#,izvoz_decembar_1,DAT_ZAC,0,10;DAT_SPR "DAT_SPR" true true false 10 Text 0 0,First,#,izvoz_decembar_1,DAT_SPR,0,10;DAT_KON "DAT_KON" true true false 10 Text 0 0,First,#,izvoz_decembar_1,DAT_KON,0,10;STATUS "STATUS" true true false 1 Text 0 0,First,#,izvoz_decembar_1,STATUS,0,1;OPERATER "OPERATER" true true false 42 Text 0 0,First,#,izvoz_decembar_1,OPERATER,0,42;ID_GJI "ID_GJI" true true false 10 Long 0 10,First,#,izvoz_decembar_1,ID_GJI,-1,-1;KATEG_NK "KATEG_NK" true true false 2 Text 0 0,First,#,izvoz_decembar_1,KATEG_NK,0,2;SMER_F_T "SMER_F_T" true true false 2 Short 0 2,First,#,izvoz_decembar_1,SMER_F_T,-1,-1;SMER_T_F "SMER_T_F" true true false 2 Short 0 2,First,#,izvoz_decembar_1,SMER_T_F,-1,-1;SMER_IGEA "SMER_IGEA" true true false 1 Short 0 1,First,#,izvoz_decembar_1,SMER_IGEA,-1,-1;HITROST "HITROST" true true false 10 Long 0 10,First,#,izvoz_decembar_1,HITROST,-1,-1;FROM_TO_IM "FROM_TO_IM" true true false 8 Float 2 7,First,#,izvoz_decembar_1,FROM_TO_IM,-1,-1;TO_FROM_IM "TO_FROM_IM" true true false 8 Float 2 7,First,#,izvoz_decembar_1,TO_FROM_IM,-1,-1;F_T_IMP "F_T_IMP" true true false 8 Float 2 7,First,#,izvoz_decembar_1,F_T_IMP,-1,-1;T_F_IMP "T_F_IMP" true true false 8 Float 2 7,First,#,izvoz_decembar_1,T_F_IMP,-1,-1;F_T_L "F_T_L" true true false 8 Float 2 7,First,#,izvoz_decembar_1,F_T_L,-1,-1;T_F_L "T_F_L" true true false 8 Float 2 7,First,#,izvoz_decembar_1,T_F_L,-1,-1;oneway "oneway" true true false 2 Text 0 0,First,#,izvoz_decembar_1,oneway,0,2;OPIS "OPIS" true true false 120 Text 0 0,First,#,izvoz_decembar_1,OPIS,0,120;ULICA "ULICA" true true false 120 Text 0 0,First,#,izvoz_decembar_1,ULICA,0,120;IME_PRIKLJ "IME_PRIKLJ" true true false 120 Text 0 0,First,#,izvoz_decembar_1,IME_PRIKLJ,0,120;NIVO "NIVO" true true false 10 Long 0 10,First,#,izvoz_decembar_1,NIVO,-1,-1;FNODE "FNODE" true true false 10 Long 0 10,First,#,izvoz_decembar_1,FNODE,-1,-1;TNODE "TNODE" true true false 10 Long 0 10,First,#,izvoz_decembar_1,TNODE,-1,-1" #</Process></lineage><itemProps><itemName Sync="TRUE">azuriranje_osi_2023_2</itemName><imsContentType Sync="TRUE">002</imsContentType><itemSize Sync="TRUE">0.000</itemSize><itemLocation><linkage Sync="TRUE">file://\\HP-Z6-3D\E$\DARS-OSI\python_nikola\IZVOZ_13_12\azuriranje_osi_2023_2.shp</linkage><protocol Sync="TRUE">Local Area Network</protocol></itemLocation></itemProps><coordRef><type Sync="TRUE">Projected</type><geogcsn Sync="TRUE">GCS_Slovenia_1996</geogcsn><csUnits Sync="TRUE">Linear Unit: Meter (1.000000)</csUnits><projcsn Sync="TRUE">Slovenia_1996_Slovene_National_Grid</projcsn><peXml Sync="TRUE">&lt;ProjectedCoordinateSystem xsi:type='typens:ProjectedCoordinateSystem' xmlns:xsi='http://www.w3.org/2001/XMLSchema-instance' xmlns:xs='http://www.w3.org/2001/XMLSchema' xmlns:typens='http://www.esri.com/schemas/ArcGIS/3.0.0'&gt;&lt;WKT&gt;PROJCS[&amp;quot;Slovenia_1996_Slovene_National_Grid&amp;quot;,GEOGCS[&amp;quot;GCS_Slovenia_1996&amp;quot;,DATUM[&amp;quot;D_Slovenia_Geodetic_Datum_1996&amp;quot;,SPHEROID[&amp;quot;GRS_1980&amp;quot;,6378137.0,298.257222101]],PRIMEM[&amp;quot;Greenwich&amp;quot;,0.0],UNIT[&amp;quot;Degree&amp;quot;,0.0174532925199433]],PROJECTION[&amp;quot;Transverse_Mercator&amp;quot;],PARAMETER[&amp;quot;False_Easting&amp;quot;,500000.0],PARAMETER[&amp;quot;False_Northing&amp;quot;,-5000000.0],PARAMETER[&amp;quot;Central_Meridian&amp;quot;,15.0],PARAMETER[&amp;quot;Scale_Factor&amp;quot;,0.9999],PARAMETER[&amp;quot;Latitude_Of_Origin&amp;quot;,0.0],UNIT[&amp;quot;Meter&amp;quot;,1.0],AUTHORITY[&amp;quot;EPSG&amp;quot;,3794]]&lt;/WKT&gt;&lt;XOrigin&gt;-5122600&lt;/XOrigin&gt;&lt;YOrigin&gt;-15001100&lt;/YOrigin&gt;&lt;XYScale&gt;450310428.58990461&lt;/XYScale&gt;&lt;ZOrigin&gt;-100000&lt;/ZOrigin&gt;&lt;ZScale&gt;10000&lt;/ZScale&gt;&lt;MOrigin&gt;-100000&lt;/MOrigin&gt;&lt;MScale&gt;10000&lt;/MScale&gt;&lt;XYTolerance&gt;0.001&lt;/XYTolerance&gt;&lt;ZTolerance&gt;0.001&lt;/ZTolerance&gt;&lt;MTolerance&gt;0.001&lt;/MTolerance&gt;&lt;HighPrecision&gt;true&lt;/HighPrecision&gt;&lt;WKID&gt;3794&lt;/WKID&gt;&lt;LatestWKID&gt;3794&lt;/LatestWKID&gt;&lt;/ProjectedCoordinateSystem&gt;</peXml></coordRef></DataProperties><SyncDate>20231213</SyncDate><SyncTime>14331000</SyncTime><ModDate>20231213</ModDate><ModTime>14331000</ModTime></Esri><dataIdInfo><envirDesc Sync="TRUE">Microsoft Windows Server 2016 Technical Preview Version 10.0 (Build 20348) ; Esri ArcGIS 13.0.0.36056</envirDesc><dataLang><languageCode value="slv" Sync="TRUE"></languageCode><countryCode value="SVN" Sync="TRUE"></countryCode></dataLang><idCitation><resTitle Sync="TRUE">azuriranje_osi_2023_2</resTitle><presForm><PresFormCd value="005" Sync="TRUE"></PresFormCd></presForm></idCitation><spatRpType><SpatRepTypCd value="001" Sync="TRUE"></SpatRepTypCd></spatRpType></dataIdInfo><mdLang><languageCode value="slv" Sync="TRUE"></languageCode><countryCode value="SVN" Sync="TRUE"></countryCode></mdLang><mdChar><CharSetCd value="004" Sync="TRUE"></CharSetCd></mdChar><distInfo><distFormat><formatName Sync="TRUE">Shapefile</formatName></distFormat><distTranOps><transSize Sync="TRUE">0.000</transSize></distTranOps></distInfo><mdHrLv><ScopeCd value="005" Sync="TRUE"></ScopeCd></mdHrLv><mdHrLvName Sync="TRUE">dataset</mdHrLvName><refSysInfo><RefSystem><refSysID><identCode code="3794" Sync="TRUE"></identCode><idCodeSpace Sync="TRUE">EPSG</idCodeSpace><idVersion Sync="TRUE">9.5(10.0.0)</idVersion></refSysID></RefSystem></refSysInfo><spatRepInfo><VectSpatRep><geometObjs Name="azuriranje_osi_2023_2"><geoObjTyp><GeoObjTypCd value="002" Sync="TRUE"></GeoObjTypCd></geoObjTyp><geoObjCnt Sync="TRUE">0</geoObjCnt></geometObjs><topLvl><TopoLevCd value="001" Sync="TRUE"></TopoLevCd></topLvl></VectSpatRep></spatRepInfo><spdoinfo><ptvctinf><esriterm Name="azuriranje_osi_2023_2"><efeatyp Sync="TRUE">Simple</efeatyp><efeageom code="3" Sync="TRUE"></efeageom><esritopo Sync="TRUE">FALSE</esritopo><efeacnt Sync="TRUE">0</efeacnt><spindex Sync="TRUE">FALSE</spindex><linrefer Sync="TRUE">TRUE</linrefer></esriterm></ptvctinf></spdoinfo><eainfo><detailed Name="azuriranje_osi_2023_2"><enttyp><enttypl Sync="TRUE">azuriranje_osi_2023_2</enttypl><enttypt Sync="TRUE">Feature Class</enttypt><enttypc Sync="TRUE">0</enttypc></enttyp><attr><attrlabl Sync="TRUE">FID</attrlabl><attalias Sync="TRUE">FID</attalias><attrtype Sync="TRUE">OID</attrtype><attwidth Sync="TRUE">4</attwidth><atprecis Sync="TRUE">0</atprecis><attscale Sync="TRUE">0</attscale><attrdef Sync="TRUE">Internal feature number.</attrdef><attrdefs Sync="TRUE">Esri</attrdefs><attrdomv><udom Sync="TRUE">Sequential unique whole numbers that are automatically generated.</udom></attrdomv></attr><attr><attrlabl Sync="TRUE">Shape</attrlabl><attalias Sync="TRUE">Shape</attalias><attrtype Sync="TRUE">Geometry</attrtype><attwidth Sync="TRUE">0</attwidth><atprecis Sync="TRUE">0</atprecis><attscale Sync="TRUE">0</attscale><attrdef Sync="TRUE">Feature geometry.</attrdef><attrdefs Sync="TRUE">Esri</attrdefs><attrdomv><udom Sync="TRUE">Coordinates defining the features.</udom></attrdomv></attr><attr><attrlabl Sync="TRUE">ID</attrlabl><attalias Sync="TRUE">ID</attalias><attrtype Sync="TRUE">Double</attrtype><attwidth Sync="TRUE">16</attwidth><atprecis Sync="TRUE">16</atprecis><attscale Sync="TRUE">0</attscale></attr><attr><attrlabl Sync="TRUE">KATEGORIJA</attrlabl><attalias Sync="TRUE">KATEGORIJA</attalias><attrtype Sync="TRUE">String</attrtype><attwidth Sync="TRUE">2</attwidth><atprecis Sync="TRUE">0</atprecis><attscale Sync="TRUE">0</attscale></attr><attr><attrlabl Sync="TRUE">CESTA</attrlabl><attalias Sync="TRUE">CESTA</attalias><attrtype Sync="TRUE">String</attrtype><attwidth Sync="TRUE">6</attwidth><atprecis Sync="TRUE">0</atprecis><attscale Sync="TRUE">0</attscale></attr><attr><attrlabl Sync="TRUE">ODSEK</attrlabl><attalias Sync="TRUE">ODSEK</attalias><attrtype Sync="TRUE">String</attrtype><attwidth Sync="TRUE">6</attwidth><atprecis Sync="TRUE">0</atprecis><attscale Sync="TRUE">0</attscale></attr><attr><attrlabl Sync="TRUE">ODSEK_IME</attrlabl><attalias Sync="TRUE">ODSEK_IME</attalias><attrtype Sync="TRUE">String</attrtype><attwidth Sync="TRUE">42</attwidth><atprecis Sync="TRUE">0</atprecis><attscale Sync="TRUE">0</attscale></attr><attr><attrlabl Sync="TRUE">ODSEK_TIP</attrlabl><attalias Sync="TRUE">ODSEK_TIP</attalias><attrtype Sync="TRUE">String</attrtype><attwidth Sync="TRUE">1</attwidth><atprecis Sync="TRUE">0</atprecis><attscale Sync="TRUE">0</attscale></attr><attr><attrlabl Sync="TRUE">DOLZ_ODS</attrlabl><attalias Sync="TRUE">DOLZ_ODS</attalias><attrtype Sync="TRUE">Integer</attrtype><attwidth Sync="TRUE">7</attwidth><atprecis Sync="TRUE">7</atprecis><attscale Sync="TRUE">0</attscale></attr><attr><attrlabl Sync="TRUE">DOLZ_GRF</attrlabl><attalias Sync="TRUE">DOLZ_GRF</attalias><attrtype Sync="TRUE">Single</attrtype><attwidth Sync="TRUE">8</attwidth><atprecis Sync="TRUE">7</atprecis><attscale Sync="TRUE">2</attscale></attr><attr><attrlabl Sync="TRUE">ZAPST</attrlabl><attalias Sync="TRUE">ZAPST</attalias><attrtype Sync="TRUE">SmallInteger</attrtype><attwidth Sync="TRUE">3</attwidth><atprecis Sync="TRUE">3</atprecis><attscale Sync="TRUE">0</attscale></attr><attr><attrlabl Sync="TRUE">PODOD_ST</attrlabl><attalias Sync="TRUE">PODOD_ST</attalias><attrtype Sync="TRUE">String</attrtype><attwidth Sync="TRUE">2</attwidth><atprecis Sync="TRUE">0</atprecis><attscale Sync="TRUE">0</attscale></attr><attr><attrlabl Sync="TRUE">PODOD_IME</attrlabl><attalias Sync="TRUE">PODOD_IME</attalias><attrtype Sync="TRUE">String</attrtype><attwidth Sync="TRUE">42</attwidth><atprecis Sync="TRUE">0</atprecis><attscale Sync="TRUE">0</attscale></attr><attr><attrlabl Sync="TRUE">PODOD_OPIS</attrlabl><attalias Sync="TRUE">PODOD_OPIS</attalias><attrtype Sync="TRUE">String</attrtype><attwidth Sync="TRUE">42</attwidth><atprecis Sync="TRUE">0</atprecis><attscale Sync="TRUE">0</attscale></attr><attr><attrlabl Sync="TRUE">VRSTA_STAC</attrlabl><attalias Sync="TRUE">VRSTA_STAC</attalias><attrtype Sync="TRUE">String</attrtype><attwidth Sync="TRUE">1</attwidth><atprecis Sync="TRUE">0</atprecis><attscale Sync="TRUE">0</attscale></attr><attr><attrlabl Sync="TRUE">SMER</attrlabl><attalias Sync="TRUE">SMER</attalias><attrtype Sync="TRUE">String</attrtype><attwidth Sync="TRUE">1</attwidth><atprecis Sync="TRUE">0</atprecis><attscale Sync="TRUE">0</attscale></attr><attr><attrlabl Sync="TRUE">STAC_ZAC</attrlabl><attalias Sync="TRUE">STAC_ZAC</attalias><attrtype Sync="TRUE">Single</attrtype><attwidth Sync="TRUE">8</attwidth><atprecis Sync="TRUE">7</atprecis><attscale Sync="TRUE">2</attscale></attr><attr><attrlabl Sync="TRUE">STAC_KON</attrlabl><attalias Sync="TRUE">STAC_KON</attalias><attrtype Sync="TRUE">Single</attrtype><attwidth Sync="TRUE">8</attwidth><atprecis Sync="TRUE">7</atprecis><attscale Sync="TRUE">2</attscale></attr><attr><attrlabl Sync="TRUE">DOLZ_GID</attrlabl><attalias Sync="TRUE">DOLZ_GID</attalias><attrtype Sync="TRUE">Single</attrtype><attwidth Sync="TRUE">8</attwidth><atprecis Sync="TRUE">7</atprecis><attscale Sync="TRUE">2</attscale></attr><attr><attrlabl Sync="TRUE">LENGTH</attrlabl><attalias Sync="TRUE">LENGTH</attalias><attrtype Sync="TRUE">Single</attrtype><attwidth Sync="TRUE">8</attwidth><atprecis Sync="TRUE">7</atprecis><attscale Sync="TRUE">2</attscale></attr><attr><attrlabl Sync="TRUE">F_RAZTEZKA</attrlabl><attalias Sync="TRUE">F_RAZTEZKA</attalias><attrtype Sync="TRUE">Single</attrtype><attwidth Sync="TRUE">6</attwidth><atprecis Sync="TRUE">5</atprecis><attscale Sync="TRUE">4</attscale></attr><attr><attrlabl Sync="TRUE">DAT_ZAC</attrlabl><attalias Sync="TRUE">DAT_ZAC</attalias><attrtype Sync="TRUE">String</attrtype><attwidth Sync="TRUE">10</attwidth><atprecis Sync="TRUE">0</atprecis><attscale Sync="TRUE">0</attscale></attr><attr><attrlabl Sync="TRUE">DAT_SPR</attrlabl><attalias Sync="TRUE">DAT_SPR</attalias><attrtype Sync="TRUE">String</attrtype><attwidth Sync="TRUE">10</attwidth><atprecis Sync="TRUE">0</atprecis><attscale Sync="TRUE">0</attscale></attr><attr><attrlabl Sync="TRUE">DAT_KON</attrlabl><attalias Sync="TRUE">DAT_KON</attalias><attrtype Sync="TRUE">String</attrtype><attwidth Sync="TRUE">10</attwidth><atprecis Sync="TRUE">0</atprecis><attscale Sync="TRUE">0</attscale></attr><attr><attrlabl Sync="TRUE">STATUS</attrlabl><attalias Sync="TRUE">STATUS</attalias><attrtype Sync="TRUE">String</attrtype><attwidth Sync="TRUE">1</attwidth><atprecis Sync="TRUE">0</atprecis><attscale Sync="TRUE">0</attscale></attr><attr><attrlabl Sync="TRUE">OPERATER</attrlabl><attalias Sync="TRUE">OPERATER</attalias><attrtype Sync="TRUE">String</attrtype><attwidth Sync="TRUE">42</attwidth><atprecis Sync="TRUE">0</atprecis><attscale Sync="TRUE">0</attscale></attr><attr><attrlabl Sync="TRUE">ID_GJI</attrlabl><attalias Sync="TRUE">ID_GJI</attalias><attrtype Sync="TRUE">Integer</attrtype><attwidth Sync="TRUE">10</attwidth><atprecis Sync="TRUE">10</atprecis><attscale Sync="TRUE">0</attscale></attr><attr><attrlabl Sync="TRUE">KATEG_NK</attrlabl><attalias Sync="TRUE">KATEG_NK</attalias><attrtype Sync="TRUE">String</attrtype><attwidth Sync="TRUE">2</attwidth><atprecis Sync="TRUE">0</atprecis><attscale Sync="TRUE">0</attscale></attr><attr><attrlabl Sync="TRUE">SMER_F_T</attrlabl><attalias Sync="TRUE">SMER_F_T</attalias><attrtype Sync="TRUE">SmallInteger</attrtype><attwidth Sync="TRUE">2</attwidth><atprecis Sync="TRUE">2</atprecis><attscale Sync="TRUE">0</attscale></attr><attr><attrlabl Sync="TRUE">SMER_T_F</attrlabl><attalias Sync="TRUE">SMER_T_F</attalias><attrtype Sync="TRUE">SmallInteger</attrtype><attwidth Sync="TRUE">2</attwidth><atprecis Sync="TRUE">2</atprecis><attscale Sync="TRUE">0</attscale></attr><attr><attrlabl Sync="TRUE">SMER_IGEA</attrlabl><attalias Sync="TRUE">SMER_IGEA</attalias><attrtype Sync="TRUE">SmallInteger</attrtype><attwidth Sync="TRUE">1</attwidth><atprecis Sync="TRUE">1</atprecis><attscale Sync="TRUE">0</attscale></attr><attr><attrlabl Sync="TRUE">HITROST</attrlabl><attalias Sync="TRUE">HITROST</attalias><attrtype Sync="TRUE">Integer</attrtype><attwidth Sync="TRUE">10</attwidth><atprecis Sync="TRUE">10</atprecis><attscale Sync="TRUE">0</attscale></attr><attr><attrlabl Sync="TRUE">FROM_TO_IM</attrlabl><attalias Sync="TRUE">FROM_TO_IM</attalias><attrtype Sync="TRUE">Single</attrtype><attwidth Sync="TRUE">8</attwidth><atprecis Sync="TRUE">7</atprecis><attscale Sync="TRUE">2</attscale></attr><attr><attrlabl Sync="TRUE">TO_FROM_IM</attrlabl><attalias Sync="TRUE">TO_FROM_IM</attalias><attrtype Sync="TRUE">Single</attrtype><attwidth Sync="TRUE">8</attwidth><atprecis Sync="TRUE">7</atprecis><attscale Sync="TRUE">2</attscale></attr><attr><attrlabl Sync="TRUE">F_T_IMP</attrlabl><attalias Sync="TRUE">F_T_IMP</attalias><attrtype Sync="TRUE">Single</attrtype><attwidth Sync="TRUE">8</attwidth><atprecis Sync="TRUE">7</atprecis><attscale Sync="TRUE">2</attscale></attr><attr><attrlabl Sync="TRUE">T_F_IMP</attrlabl><attalias Sync="TRUE">T_F_IMP</attalias><attrtype Sync="TRUE">Single</attrtype><attwidth Sync="TRUE">8</attwidth><atprecis Sync="TRUE">7</atprecis><attscale Sync="TRUE">2</attscale></attr><attr><attrlabl Sync="TRUE">F_T_L</attrlabl><attalias Sync="TRUE">F_T_L</attalias><attrtype Sync="TRUE">Single</attrtype><attwidth Sync="TRUE">8</attwidth><atprecis Sync="TRUE">7</atprecis><attscale Sync="TRUE">2</attscale></attr><attr><attrlabl Sync="TRUE">T_F_L</attrlabl><attalias Sync="TRUE">T_F_L</attalias><attrtype Sync="TRUE">Single</attrtype><attwidth Sync="TRUE">8</attwidth><atprecis Sync="TRUE">7</atprecis><attscale Sync="TRUE">2</attscale></attr><attr><attrlabl Sync="TRUE">oneway</attrlabl><attalias Sync="TRUE">oneway</attalias><attrtype Sync="TRUE">String</attrtype><attwidth Sync="TRUE">2</attwidth><atprecis Sync="TRUE">0</atprecis><attscale Sync="TRUE">0</attscale></attr><attr><attrlabl Sync="TRUE">OPIS</attrlabl><attalias Sync="TRUE">OPIS</attalias><attrtype Sync="TRUE">String</attrtype><attwidth Sync="TRUE">120</attwidth><atprecis Sync="TRUE">0</atprecis><attscale Sync="TRUE">0</attscale></attr><attr><attrlabl Sync="TRUE">ULICA</attrlabl><attalias Sync="TRUE">ULICA</attalias><attrtype Sync="TRUE">String</attrtype><attwidth Sync="TRUE">120</attwidth><atprecis Sync="TRUE">0</atprecis><attscale Sync="TRUE">0</attscale></attr><attr><attrlabl Sync="TRUE">IME_PRIKLJ</attrlabl><attalias Sync="TRUE">IME_PRIKLJ</attalias><attrtype Sync="TRUE">String</attrtype><attwidth Sync="TRUE">120</attwidth><atprecis Sync="TRUE">0</atprecis><attscale Sync="TRUE">0</attscale></attr><attr><attrlabl Sync="TRUE">NIVO</attrlabl><attalias Sync="TRUE">NIVO</attalias><attrtype Sync="TRUE">Integer</attrtype><attwidth Sync="TRUE">10</attwidth><atprecis Sync="TRUE">10</atprecis><attscale Sync="TRUE">0</attscale></attr><attr><attrlabl Sync="TRUE">FNODE</attrlabl><attalias Sync="TRUE">FNODE</attalias><attrtype Sync="TRUE">Integer</attrtype><attwidth Sync="TRUE">10</attwidth><atprecis Sync="TRUE">10</atprecis><attscale Sync="TRUE">0</attscale></attr><attr><attrlabl Sync="TRUE">TNODE</attrlabl><attalias Sync="TRUE">TNODE</attalias><attrtype Sync="TRUE">Integer</attrtype><attwidth Sync="TRUE">10</attwidth><atprecis Sync="TRUE">10</atprecis><attscale Sync="TRUE">0</attscale></attr></detailed></eainfo><mdDateSt Sync="TRUE">20231213</mdDateSt></metadata>
